,fov,round,ch,zplane,path,sha256,xc_min,xc_max,yc_min,yc_max,zc_min,zc_max,tile_width,tile_height
0,0,0,0,0,raw_frames/ISP-2019-05-28-14-30-00-0001/im_c001_z000_t000_p003.png,0423469e82763012c721ff04b3ea4469e2e5399578c5dd33e65982a30a5c843a,19980.48828125,20504.90428125,39338.15234375,39862.56834375,1679.5465100000001,1679.5465100000001,2048,2048
1,0,0,0,1,raw_frames/ISP-2019-05-28-14-30-00-0001/im_c001_z001_t000_p003.png,8c0dbc57bd0e69f910e5718e167687c1c4afabac0270005cd73231482a6cd8d5,19980.48828125,20504.90428125,39338.15234375,39862.56834375,1680.5465100000001,1680.5465100000001,2048,2048
2,0,0,0,2,raw_frames/ISP-2019-05-28-14-30-00-0001/im_c001_z002_t000_p003.png,df07b4e18667cacd70fdb9dfb2c919a3804ca95ad6066e95560a1337a40231fb,19980.48828125,20504.90428125,39338.15234375,39862.56834375,1681.5465100000001,1681.5465100000001,2048,2048
3,0,0,0,3,raw_frames/ISP-2019-05-28-14-30-00-0001/im_c001_z003_t000_p003.png,64006ca63d2f09015743b8111b5d1fee3b7718851b63704d9fd7e3fb40b9421c,19980.48828125,20504.90428125,39338.15234375,39862.56834375,1682.5465100000001,1682.5465100000001,2048,2048
4,0,0,0,4,raw_frames/ISP-2019-05-28-14-30-00-0001/im_c001_z004_t000_p003.png,b98dccee7c40e7a8ec326cec503b1fd66e36370dcb46a506c0532ee0f3276aba,19980.48828125,20504.90428125,39338.15234375,39862.56834375,1683.5465100000001,1683.5465100000001,2048,2048
5,0,0,0,5,raw_frames/ISP-2019-05-28-14-30-00-0001/im_c001_z005_t000_p003.png,e0e257c38ff6a46d4f5255df14041c5e02a97a0f720fdedbffcea26051323e8f,19980.48828125,20504.90428125,39338.15234375,39862.56834375,1684.5465100000001,1684.5465100000001,2048,2048
6,0,0,0,6,raw_frames/ISP-2019-05-28-14-30-00-0001/im_c001_z006_t000_p003.png,dd41be186d184f199838d6b2f665d3d1e295106eb731193cd3b17101c44d0373,19980.48828125,20504.90428125,39338.15234375,39862.56834375,1685.5465100000001,1685.5465100000001,2048,2048
7,0,0,0,7,raw_frames/ISP-2019-05-28-14-30-00-0001/im_c001_z007_t000_p003.png,430136e658d1599524d9b051c8bdf5c5d65fdc8ce1a3c4179b8901d2ae8fa699,19980.48828125,20504.90428125,39338.15234375,39862.56834375,1686.5465100000001,1686.5465100000001,2048,2048
8,0,0,0,8,raw_frames/ISP-2019-05-28-14-30-00-0001/im_c001_z008_t000_p003.png,de33b737565475abf648556f0277ff3a2ab6c4e641c1f58143899208ae56ce4c,19980.48828125,20504.90428125,39338.15234375,39862.56834375,1687.5465100000001,1687.5465100000001,2048,2048
9,0,0,0,9,raw_frames/ISP-2019-05-28-14-30-00-0001/im_c001_z009_t000_p003.png,bf94f7dfb12f16205b089c89dcfe2497af00a1e7d954ebdce1b0394aeffb3a87,19980.48828125,20504.90428125,39338.15234375,39862.56834375,1688.5465100000001,1688.5465100000001,2048,2048
10,0,0,0,10,raw_frames/ISP-2019-05-28-14-30-00-0001/im_c001_z010_t000_p003.png,0eed52265363ff1e4d99c34f5ffdb5e66376dcd310be8d37f2c81635f8905f03,19980.48828125,20504.90428125,39338.15234375,39862.56834375,1689.5465100000001,1689.5465100000001,2048,2048
11,0,0,0,11,raw_frames/ISP-2019-05-28-14-30-00-0001/im_c001_z011_t000_p003.png,3ec504354de65e32f1a5b66bb44fc2a9fc195a88ecc62e49e175059ad2d93039,19980.48828125,20504.90428125,39338.15234375,39862.56834375,1690.5465100000001,1690.5465100000001,2048,2048
12,0,0,0,12,raw_frames/ISP-2019-05-28-14-30-00-0001/im_c001_z012_t000_p003.png,fad68f8a0ea65197afb2e292be793f0af730a2091a1a2bfcc17b3d4dc5d72099,19980.48828125,20504.90428125,39338.15234375,39862.56834375,1691.5465100000001,1691.5465100000001,2048,2048
13,0,0,1,0,raw_frames/ISP-2019-05-28-14-30-00-0001/im_c002_z000_t000_p003.png,5760c75fe2925f494269776f265499446c1c1b2db0f55473e498bb32eba4016f,19980.48828125,20504.90428125,39338.15234375,39862.56834375,1679.5465100000001,1679.5465100000001,2048,2048
14,0,0,1,1,raw_frames/ISP-2019-05-28-14-30-00-0001/im_c002_z001_t000_p003.png,5abb46d7f5280af71b7ccd41797e4f7ee6790a4a580a149f1f516b69d38fe332,19980.48828125,20504.90428125,39338.15234375,39862.56834375,1680.5465100000001,1680.5465100000001,2048,2048
15,0,0,1,2,raw_frames/ISP-2019-05-28-14-30-00-0001/im_c002_z002_t000_p003.png,c5a5226c88b8519e6826827b7a241c5009cd03750d91597009094ee4e0f6c9be,19980.48828125,20504.90428125,39338.15234375,39862.56834375,1681.5465100000001,1681.5465100000001,2048,2048
16,0,0,1,3,raw_frames/ISP-2019-05-28-14-30-00-0001/im_c002_z003_t000_p003.png,dd8dc690e3264c9eb56bdf20a776eb71de913031a549c2b81506fedc4e6e6741,19980.48828125,20504.90428125,39338.15234375,39862.56834375,1682.5465100000001,1682.5465100000001,2048,2048
17,0,0,1,4,raw_frames/ISP-2019-05-28-14-30-00-0001/im_c002_z004_t000_p003.png,450c36c195a5c551ab238347d566f929b8eaed91b3b6c1b705ba6e60f57236fe,19980.48828125,20504.90428125,39338.15234375,39862.56834375,1683.5465100000001,1683.5465100000001,2048,2048
18,0,0,1,5,raw_frames/ISP-2019-05-28-14-30-00-0001/im_c002_z005_t000_p003.png,79c0d7d1496623e419db9bf6b998bad3bd6edb670944a0069f213fe98efa9ebb,19980.48828125,20504.90428125,39338.15234375,39862.56834375,1684.5465100000001,1684.5465100000001,2048,2048
19,0,0,1,6,raw_frames/ISP-2019-05-28-14-30-00-0001/im_c002_z006_t000_p003.png,885e009ed2b70b234ceb12bf654516687f45a8b90495fcc66ba8ea24885e26f6,19980.48828125,20504.90428125,39338.15234375,39862.56834375,1685.5465100000001,1685.5465100000001,2048,2048
20,0,0,1,7,raw_frames/ISP-2019-05-28-14-30-00-0001/im_c002_z007_t000_p003.png,6159dadfa633a99cfe274fa12a3c9103f1f135a259f6c5847b3b43fe28dcc2ab,19980.48828125,20504.90428125,39338.15234375,39862.56834375,1686.5465100000001,1686.5465100000001,2048,2048
21,0,0,1,8,raw_frames/ISP-2019-05-28-14-30-00-0001/im_c002_z008_t000_p003.png,7ad81a4318789fc6bd081dd9f1a2119d2c7ffcb808493d7b8e8195d2ec4439a5,19980.48828125,20504.90428125,39338.15234375,39862.56834375,1687.5465100000001,1687.5465100000001,2048,2048
22,0,0,1,9,raw_frames/ISP-2019-05-28-14-30-00-0001/im_c002_z009_t000_p003.png,514ac75e31b56cb4d99fcdcf32db1d9c2c80ed0c9835fd01637393411384b2c1,19980.48828125,20504.90428125,39338.15234375,39862.56834375,1688.5465100000001,1688.5465100000001,2048,2048
23,0,0,1,10,raw_frames/ISP-2019-05-28-14-30-00-0001/im_c002_z010_t000_p003.png,ee4bfd226dae00220c190433f2618b70792c2ce5bb6dfec9e19f9720ba76a2b6,19980.48828125,20504.90428125,39338.15234375,39862.56834375,1689.5465100000001,1689.5465100000001,2048,2048
24,0,0,1,11,raw_frames/ISP-2019-05-28-14-30-00-0001/im_c002_z011_t000_p003.png,888e65a2801449e19c5ac43b920eafc53d49bfeb5dfa757f97696485ea592324,19980.48828125,20504.90428125,39338.15234375,39862.56834375,1690.5465100000001,1690.5465100000001,2048,2048
25,0,0,1,12,raw_frames/ISP-2019-05-28-14-30-00-0001/im_c002_z012_t000_p003.png,3c2e47f444b9015812b9e9d6c8f463c583026f31c609f8c87ab990774ba5bac1,19980.48828125,20504.90428125,39338.15234375,39862.56834375,1691.5465100000001,1691.5465100000001,2048,2048
26,0,0,2,0,raw_frames/ISP-2019-05-28-14-30-00-0001/im_c003_z000_t000_p003.png,7a1876dab961350186da6ec0323084a9bcacf63c9356761d59f8fdbb95d5025a,19980.48828125,20504.90428125,39338.15234375,39862.56834375,1679.5465100000001,1679.5465100000001,2048,2048
27,0,0,2,1,raw_frames/ISP-2019-05-28-14-30-00-0001/im_c003_z001_t000_p003.png,3ffe7202f394580bd7fb8a9598df37d847fc73ae37520dc2c32851d6a8657d43,19980.48828125,20504.90428125,39338.15234375,39862.56834375,1680.5465100000001,1680.5465100000001,2048,2048
28,0,0,2,2,raw_frames/ISP-2019-05-28-14-30-00-0001/im_c003_z002_t000_p003.png,c173df8d51e1c3f6a7253c1938298920a1fac9ad08354848b3fa282086a72d19,19980.48828125,20504.90428125,39338.15234375,39862.56834375,1681.5465100000001,1681.5465100000001,2048,2048
29,0,0,2,3,raw_frames/ISP-2019-05-28-14-30-00-0001/im_c003_z003_t000_p003.png,99db4d787e92592fae135d6c9024c1f5b58d6ad2669cad8031bc1168c9c7014c,19980.48828125,20504.90428125,39338.15234375,39862.56834375,1682.5465100000001,1682.5465100000001,2048,2048
30,0,0,2,4,raw_frames/ISP-2019-05-28-14-30-00-0001/im_c003_z004_t000_p003.png,a8320a90d51923aae93f8e48840899a27a1c5a66c238d675aa74755e0895d729,19980.48828125,20504.90428125,39338.15234375,39862.56834375,1683.5465100000001,1683.5465100000001,2048,2048
31,0,0,2,5,raw_frames/ISP-2019-05-28-14-30-00-0001/im_c003_z005_t000_p003.png,090ea7363daf9c86e063a25037b788d201999c4edaf3d1871ad3e1ee3277399c,19980.48828125,20504.90428125,39338.15234375,39862.56834375,1684.5465100000001,1684.5465100000001,2048,2048
32,0,0,2,6,raw_frames/ISP-2019-05-28-14-30-00-0001/im_c003_z006_t000_p003.png,9b2d300a8ed7e5d51c0c11781676514b6ce1add34af4ccf335e80f3cad19f598,19980.48828125,20504.90428125,39338.15234375,39862.56834375,1685.5465100000001,1685.5465100000001,2048,2048
33,0,0,2,7,raw_frames/ISP-2019-05-28-14-30-00-0001/im_c003_z007_t000_p003.png,991817b75932866478d97e5b525dcd803886c52d61f316ed3edfe13d240bfcb2,19980.48828125,20504.90428125,39338.15234375,39862.56834375,1686.5465100000001,1686.5465100000001,2048,2048
34,0,0,2,8,raw_frames/ISP-2019-05-28-14-30-00-0001/im_c003_z008_t000_p003.png,52537a4e51ba4dcfde6e8562a75bff5bb92815c868bf3225b2ae76bc29622b83,19980.48828125,20504.90428125,39338.15234375,39862.56834375,1687.5465100000001,1687.5465100000001,2048,2048
35,0,0,2,9,raw_frames/ISP-2019-05-28-14-30-00-0001/im_c003_z009_t000_p003.png,dde1575dbb56e4167d7279c3f31eca0fad804fd75fdbc83f29d57ba22d70bc18,19980.48828125,20504.90428125,39338.15234375,39862.56834375,1688.5465100000001,1688.5465100000001,2048,2048
36,0,0,2,10,raw_frames/ISP-2019-05-28-14-30-00-0001/im_c003_z010_t000_p003.png,a12c84b66fa88aa6d7c70ac80ae5797d37f1c8b7316b4352c8fa7c6120abd39c,19980.48828125,20504.90428125,39338.15234375,39862.56834375,1689.5465100000001,1689.5465100000001,2048,2048
37,0,0,2,11,raw_frames/ISP-2019-05-28-14-30-00-0001/im_c003_z011_t000_p003.png,260c29f1267b1c6ed8c39211c6ccb852ff583f340c8749efed5bbc8e5bede954,19980.48828125,20504.90428125,39338.15234375,39862.56834375,1690.5465100000001,1690.5465100000001,2048,2048
38,0,0,2,12,raw_frames/ISP-2019-05-28-14-30-00-0001/im_c003_z012_t000_p003.png,c69313bd7e8db7a65e62a75e356a9f4830a572f83bbdbd958b58b5e86ad1aea0,19980.48828125,20504.90428125,39338.15234375,39862.56834375,1691.5465100000001,1691.5465100000001,2048,2048
39,0,0,3,0,raw_frames/ISP-2019-05-28-14-30-00-0001/im_c004_z000_t000_p003.png,4cdd467709b91a75f5386ef73c01ef82f78266eac309f45b7d4fcbd6b4fdc63e,19980.48828125,20504.90428125,39338.15234375,39862.56834375,1679.5465100000001,1679.5465100000001,2048,2048
40,0,0,3,1,raw_frames/ISP-2019-05-28-14-30-00-0001/im_c004_z001_t000_p003.png,a05b49fd721fa5ef672275c9ef8903729a645de08bfadb9f1d847885d2fcd353,19980.48828125,20504.90428125,39338.15234375,39862.56834375,1680.5465100000001,1680.5465100000001,2048,2048
41,0,0,3,2,raw_frames/ISP-2019-05-28-14-30-00-0001/im_c004_z002_t000_p003.png,5ca62a032943c61662f313379acba2da0f06672774077e6cd719dcd9346fc340,19980.48828125,20504.90428125,39338.15234375,39862.56834375,1681.5465100000001,1681.5465100000001,2048,2048
42,0,0,3,3,raw_frames/ISP-2019-05-28-14-30-00-0001/im_c004_z003_t000_p003.png,b311b436bbb8b93b6481972efe9a7ce97531054cb34218f2518155fb65d8772a,19980.48828125,20504.90428125,39338.15234375,39862.56834375,1682.5465100000001,1682.5465100000001,2048,2048
43,0,0,3,4,raw_frames/ISP-2019-05-28-14-30-00-0001/im_c004_z004_t000_p003.png,56636f9f5faf5e1f18b9e3fa7811c8d1060edb1e1b66506f589dec3b5f87b2ae,19980.48828125,20504.90428125,39338.15234375,39862.56834375,1683.5465100000001,1683.5465100000001,2048,2048
44,0,0,3,5,raw_frames/ISP-2019-05-28-14-30-00-0001/im_c004_z005_t000_p003.png,ce53d689a98e5bf7bdb70cf772d6b523fb9f86842880a6c51cee56e3181d77cd,19980.48828125,20504.90428125,39338.15234375,39862.56834375,1684.5465100000001,1684.5465100000001,2048,2048
45,0,0,3,6,raw_frames/ISP-2019-05-28-14-30-00-0001/im_c004_z006_t000_p003.png,83f18e1fc51ade294c2c43ebff6f6304babfefd102686dc7993532e1719d1775,19980.48828125,20504.90428125,39338.15234375,39862.56834375,1685.5465100000001,1685.5465100000001,2048,2048
46,0,0,3,7,raw_frames/ISP-2019-05-28-14-30-00-0001/im_c004_z007_t000_p003.png,98819ba5a4ba4a90fb79bd4f2a33f64a5d460720c88800095be227d4d07d6fae,19980.48828125,20504.90428125,39338.15234375,39862.56834375,1686.5465100000001,1686.5465100000001,2048,2048
47,0,0,3,8,raw_frames/ISP-2019-05-28-14-30-00-0001/im_c004_z008_t000_p003.png,167492e8343b3ea34d1902c74dfd1821cabea179e20119bad5fa97b27a95d278,19980.48828125,20504.90428125,39338.15234375,39862.56834375,1687.5465100000001,1687.5465100000001,2048,2048
48,0,0,3,9,raw_frames/ISP-2019-05-28-14-30-00-0001/im_c004_z009_t000_p003.png,222cd33679f425d928d9af3b945b7e687b46407cf618636b980833f55f78d30c,19980.48828125,20504.90428125,39338.15234375,39862.56834375,1688.5465100000001,1688.5465100000001,2048,2048
49,0,0,3,10,raw_frames/ISP-2019-05-28-14-30-00-0001/im_c004_z010_t000_p003.png,1736d41bcd803cf9fd2385ce7becbe588bfc3d692a9d0c7564c083d765c58797,19980.48828125,20504.90428125,39338.15234375,39862.56834375,1689.5465100000001,1689.5465100000001,2048,2048
50,0,0,3,11,raw_frames/ISP-2019-05-28-14-30-00-0001/im_c004_z011_t000_p003.png,afaba5fa68f35ce6f3712c1cd8e85889f72e0e43bc51c275408babdf21526648,19980.48828125,20504.90428125,39338.15234375,39862.56834375,1690.5465100000001,1690.5465100000001,2048,2048
51,0,0,3,12,raw_frames/ISP-2019-05-28-14-30-00-0001/im_c004_z012_t000_p003.png,673a86d2f5b07333c53ed55d4f8ee7a2df5c51a35646d79dbea38d6fe34a2be5,19980.48828125,20504.90428125,39338.15234375,39862.56834375,1691.5465100000001,1691.5465100000001,2048,2048
52,0,1,0,0,raw_frames/ISP-2019-05-28-14-30-00-0002/im_c001_z000_t000_p003.png,b75dd2ea9c61d8e9c3d526249c9b2f176df703a88072c2cbbe637b9b7a2ccb92,19980.48828125,20504.90428125,39338.15234375,39862.56834375,1673.75673,1673.75673,2048,2048
53,0,1,0,1,raw_frames/ISP-2019-05-28-14-30-00-0002/im_c001_z001_t000_p003.png,f0f46d63e84d4e98503bc2ab699101bda384bb341135f2a949f6aa51efc42c2f,19980.48828125,20504.90428125,39338.15234375,39862.56834375,1674.75673,1674.75673,2048,2048
54,0,1,0,2,raw_frames/ISP-2019-05-28-14-30-00-0002/im_c001_z002_t000_p003.png,8a91e6e2b0bf7514e0094beae5c922e46482a17c21801638682bec067fa71250,19980.48828125,20504.90428125,39338.15234375,39862.56834375,1675.75673,1675.75673,2048,2048
55,0,1,0,3,raw_frames/ISP-2019-05-28-14-30-00-0002/im_c001_z003_t000_p003.png,27d4a97b9390ab817f56ee5c7ac116f8fd36ab1806c69ab326970baaee10a48c,19980.48828125,20504.90428125,39338.15234375,39862.56834375,1676.75673,1676.75673,2048,2048
56,0,1,0,4,raw_frames/ISP-2019-05-28-14-30-00-0002/im_c001_z004_t000_p003.png,72516527f5cf27bf37ca628b02d855bda44cda072de9d4c060836eefd96e9cbe,19980.48828125,20504.90428125,39338.15234375,39862.56834375,1677.75673,1677.75673,2048,2048
57,0,1,0,5,raw_frames/ISP-2019-05-28-14-30-00-0002/im_c001_z005_t000_p003.png,71c17b49ee198d805ddf4fac48693b53fd38eb5f59d6b0bc9e3ed73e8a560de5,19980.48828125,20504.90428125,39338.15234375,39862.56834375,1678.75673,1678.75673,2048,2048
58,0,1,0,6,raw_frames/ISP-2019-05-28-14-30-00-0002/im_c001_z006_t000_p003.png,0c2042991bff4bbb018d958f4a9f665a8676035639c065239da01d185c79fb5a,19980.48828125,20504.90428125,39338.15234375,39862.56834375,1679.75673,1679.75673,2048,2048
59,0,1,0,7,raw_frames/ISP-2019-05-28-14-30-00-0002/im_c001_z007_t000_p003.png,d5e8bfc48d992bce4a1f543ee7f90f48027806ba49ab6bf5c6ce7e93338ed6e2,19980.48828125,20504.90428125,39338.15234375,39862.56834375,1680.75673,1680.75673,2048,2048
60,0,1,0,8,raw_frames/ISP-2019-05-28-14-30-00-0002/im_c001_z008_t000_p003.png,f9ac489410c40a56b05ca0a05d1c5a06e9d042121e7ff402a4784201672ca48b,19980.48828125,20504.90428125,39338.15234375,39862.56834375,1681.75673,1681.75673,2048,2048
61,0,1,0,9,raw_frames/ISP-2019-05-28-14-30-00-0002/im_c001_z009_t000_p003.png,23cfe81a0082a1df9e05e2409d5da21e2caecbb0d8991f00582d274f9b5dc1f7,19980.48828125,20504.90428125,39338.15234375,39862.56834375,1682.75673,1682.75673,2048,2048
62,0,1,0,10,raw_frames/ISP-2019-05-28-14-30-00-0002/im_c001_z010_t000_p003.png,51db31160513ae763179dad2462605a268e98cb85f2b92f8dc31f7f3853fe906,19980.48828125,20504.90428125,39338.15234375,39862.56834375,1683.75673,1683.75673,2048,2048
63,0,1,0,11,raw_frames/ISP-2019-05-28-14-30-00-0002/im_c001_z011_t000_p003.png,179c7bca38d70af80063d40bcf6b304b57695c7cb707811320f18de40df23b39,19980.48828125,20504.90428125,39338.15234375,39862.56834375,1684.75673,1684.75673,2048,2048
64,0,1,0,12,raw_frames/ISP-2019-05-28-14-30-00-0002/im_c001_z012_t000_p003.png,004695c18ae5f37876746e20aaf4171397cc84467ca5e3dbe81ced68eb7c5fb2,19980.48828125,20504.90428125,39338.15234375,39862.56834375,1685.75673,1685.75673,2048,2048
65,0,1,1,0,raw_frames/ISP-2019-05-28-14-30-00-0002/im_c002_z000_t000_p003.png,478e4db1796df0bd72b7793ae55bc901b2483e6acb28d2162c48e34f94cc3bf0,19980.48828125,20504.90428125,39338.15234375,39862.56834375,1673.75673,1673.75673,2048,2048
66,0,1,1,1,raw_frames/ISP-2019-05-28-14-30-00-0002/im_c002_z001_t000_p003.png,4c277ee1d1f8d2d0beb91f162b2a051bc5ffa6b409da4e33a2334df7cbb4df85,19980.48828125,20504.90428125,39338.15234375,39862.56834375,1674.75673,1674.75673,2048,2048
67,0,1,1,2,raw_frames/ISP-2019-05-28-14-30-00-0002/im_c002_z002_t000_p003.png,23a2028cac2db1e28aa5a1b4956f48b3a8a03b9c74e176f650f104dd686853c3,19980.48828125,20504.90428125,39338.15234375,39862.56834375,1675.75673,1675.75673,2048,2048
68,0,1,1,3,raw_frames/ISP-2019-05-28-14-30-00-0002/im_c002_z003_t000_p003.png,a3b25aaf7ea1336b98a76d5f17e7a52878568c089a1eb9a4b059b588f80e7207,19980.48828125,20504.90428125,39338.15234375,39862.56834375,1676.75673,1676.75673,2048,2048
69,0,1,1,4,raw_frames/ISP-2019-05-28-14-30-00-0002/im_c002_z004_t000_p003.png,b8c662bfd98b36aad18416dbd3bb803843342299a73d1d24dd2d44ea30db2b01,19980.48828125,20504.90428125,39338.15234375,39862.56834375,1677.75673,1677.75673,2048,2048
70,0,1,1,5,raw_frames/ISP-2019-05-28-14-30-00-0002/im_c002_z005_t000_p003.png,c4de8c0b20fa1e7ac35bb0ae2b3f5e582313fa0dd7ea4eaca2776c127f4f15a9,19980.48828125,20504.90428125,39338.15234375,39862.56834375,1678.75673,1678.75673,2048,2048
71,0,1,1,6,raw_frames/ISP-2019-05-28-14-30-00-0002/im_c002_z006_t000_p003.png,6cf0681800f40e38cfd21e84a453cc634ebffbcf90b21e617c0c57e0a3819055,19980.48828125,20504.90428125,39338.15234375,39862.56834375,1679.75673,1679.75673,2048,2048
72,0,1,1,7,raw_frames/ISP-2019-05-28-14-30-00-0002/im_c002_z007_t000_p003.png,d1a25eb5e2d6e9da3ffdf093e32b978265125c97c75eda09e6b45a23602cfdf6,19980.48828125,20504.90428125,39338.15234375,39862.56834375,1680.75673,1680.75673,2048,2048
73,0,1,1,8,raw_frames/ISP-2019-05-28-14-30-00-0002/im_c002_z008_t000_p003.png,48f8202ac8f8cd3f5b51f589150b49fb3b791cad78feb1373e1247d0cdc77129,19980.48828125,20504.90428125,39338.15234375,39862.56834375,1681.75673,1681.75673,2048,2048
74,0,1,1,9,raw_frames/ISP-2019-05-28-14-30-00-0002/im_c002_z009_t000_p003.png,64fe43ae7649d39e711c9b80a0feb8468a08c2fb1d459de209a276527f98b6f0,19980.48828125,20504.90428125,39338.15234375,39862.56834375,1682.75673,1682.75673,2048,2048
75,0,1,1,10,raw_frames/ISP-2019-05-28-14-30-00-0002/im_c002_z010_t000_p003.png,5f71af17b2a95ee0e64f9c0d6d98bb44a3193fd10244c63e21434f5535a1368c,19980.48828125,20504.90428125,39338.15234375,39862.56834375,1683.75673,1683.75673,2048,2048
76,0,1,1,11,raw_frames/ISP-2019-05-28-14-30-00-0002/im_c002_z011_t000_p003.png,f6c52c5a89b68cdc56c5a15095fc523880a9f7b51f41c5a27cb7c37950963a02,19980.48828125,20504.90428125,39338.15234375,39862.56834375,1684.75673,1684.75673,2048,2048
77,0,1,1,12,raw_frames/ISP-2019-05-28-14-30-00-0002/im_c002_z012_t000_p003.png,069a05628b2172135d49d7e1c895734bc7f5549ec59da10bee6743ffef587d8c,19980.48828125,20504.90428125,39338.15234375,39862.56834375,1685.75673,1685.75673,2048,2048
78,0,1,2,0,raw_frames/ISP-2019-05-28-14-30-00-0002/im_c003_z000_t000_p003.png,ce7a830b1a523516de943faa3e798fcb1962a9e9c1fe1780d653ef8daf8b40f8,19980.48828125,20504.90428125,39338.15234375,39862.56834375,1673.75673,1673.75673,2048,2048
79,0,1,2,1,raw_frames/ISP-2019-05-28-14-30-00-0002/im_c003_z001_t000_p003.png,1e4ab5baca952984a758824376a3bd4fda2770ca52fcf3448f8a414532d76076,19980.48828125,20504.90428125,39338.15234375,39862.56834375,1674.75673,1674.75673,2048,2048
80,0,1,2,2,raw_frames/ISP-2019-05-28-14-30-00-0002/im_c003_z002_t000_p003.png,26f42e8d244055f8f2cc340827f95eb5c50843eec91a1bdbf98388ce78f8d4f6,19980.48828125,20504.90428125,39338.15234375,39862.56834375,1675.75673,1675.75673,2048,2048
81,0,1,2,3,raw_frames/ISP-2019-05-28-14-30-00-0002/im_c003_z003_t000_p003.png,4017ea2a096217666fe567ed69f18bd7b4a693591b7fcd89779d7cc3aee82ee7,19980.48828125,20504.90428125,39338.15234375,39862.56834375,1676.75673,1676.75673,2048,2048
82,0,1,2,4,raw_frames/ISP-2019-05-28-14-30-00-0002/im_c003_z004_t000_p003.png,211d099a2df860000a6dbf4e8147dcdac82792da4269b5db6bd8d1b37ebe7cd7,19980.48828125,20504.90428125,39338.15234375,39862.56834375,1677.75673,1677.75673,2048,2048
83,0,1,2,5,raw_frames/ISP-2019-05-28-14-30-00-0002/im_c003_z005_t000_p003.png,d39e1523852074021c09aedb1ece11c293f01a184fdb1915bd7bac0796a08e17,19980.48828125,20504.90428125,39338.15234375,39862.56834375,1678.75673,1678.75673,2048,2048
84,0,1,2,6,raw_frames/ISP-2019-05-28-14-30-00-0002/im_c003_z006_t000_p003.png,5875a024ac140f5d08b36817d9f9319742d87517ff6c1a4ae724c055612ad4bd,19980.48828125,20504.90428125,39338.15234375,39862.56834375,1679.75673,1679.75673,2048,2048
85,0,1,2,7,raw_frames/ISP-2019-05-28-14-30-00-0002/im_c003_z007_t000_p003.png,a1590ce30333e1466daeecab93f5be78e348b631f6eade3b1975f17684995d94,19980.48828125,20504.90428125,39338.15234375,39862.56834375,1680.75673,1680.75673,2048,2048
86,0,1,2,8,raw_frames/ISP-2019-05-28-14-30-00-0002/im_c003_z008_t000_p003.png,b9f31619c6150ac7e3118bb8c006373b42300e2a6d13f0c2b6d33089de7c1082,19980.48828125,20504.90428125,39338.15234375,39862.56834375,1681.75673,1681.75673,2048,2048
87,0,1,2,9,raw_frames/ISP-2019-05-28-14-30-00-0002/im_c003_z009_t000_p003.png,e8c2ce186309d5dca292c75bf40d9a4c486c6fc6e03c9abd34bb6be656aee05a,19980.48828125,20504.90428125,39338.15234375,39862.56834375,1682.75673,1682.75673,2048,2048
88,0,1,2,10,raw_frames/ISP-2019-05-28-14-30-00-0002/im_c003_z010_t000_p003.png,8fa33c21b487616455280d4fac0470c770777c8fd7039b77d5a55604b6ef7f1e,19980.48828125,20504.90428125,39338.15234375,39862.56834375,1683.75673,1683.75673,2048,2048
89,0,1,2,11,raw_frames/ISP-2019-05-28-14-30-00-0002/im_c003_z011_t000_p003.png,806b8d4530c0c4b31eaafdfb771afdbb7603931f9acc9b58414364177211a5bd,19980.48828125,20504.90428125,39338.15234375,39862.56834375,1684.75673,1684.75673,2048,2048
90,0,1,2,12,raw_frames/ISP-2019-05-28-14-30-00-0002/im_c003_z012_t000_p003.png,f36cda72de8eab9f4ac5190220380c0f035f02844bcacc9990c6d28eeb719536,19980.48828125,20504.90428125,39338.15234375,39862.56834375,1685.75673,1685.75673,2048,2048
91,0,1,3,0,raw_frames/ISP-2019-05-28-14-30-00-0002/im_c004_z000_t000_p003.png,057d256953a8e3ea4e69fe6270ba9b409f503e2a5baf2508f988db36d1785164,19980.48828125,20504.90428125,39338.15234375,39862.56834375,1673.75673,1673.75673,2048,2048
92,0,1,3,1,raw_frames/ISP-2019-05-28-14-30-00-0002/im_c004_z001_t000_p003.png,11463eef82b69474231061d22a5328b99d13a803150aa6792dda624cbf956f9a,19980.48828125,20504.90428125,39338.15234375,39862.56834375,1674.75673,1674.75673,2048,2048
93,0,1,3,2,raw_frames/ISP-2019-05-28-14-30-00-0002/im_c004_z002_t000_p003.png,00ccb75294c53d9af750b51007319b51251ef1f150f45f746c6db046c997ea38,19980.48828125,20504.90428125,39338.15234375,39862.56834375,1675.75673,1675.75673,2048,2048
94,0,1,3,3,raw_frames/ISP-2019-05-28-14-30-00-0002/im_c004_z003_t000_p003.png,d7f0eb8a8c260c844821e9423ca2320bffffe6535b4ffc8603cd88d0fd56ea33,19980.48828125,20504.90428125,39338.15234375,39862.56834375,1676.75673,1676.75673,2048,2048
95,0,1,3,4,raw_frames/ISP-2019-05-28-14-30-00-0002/im_c004_z004_t000_p003.png,3519367ce90562af97333cce03e742626032f55bedd48c4dc2c68a6cb93f8b74,19980.48828125,20504.90428125,39338.15234375,39862.56834375,1677.75673,1677.75673,2048,2048
96,0,1,3,5,raw_frames/ISP-2019-05-28-14-30-00-0002/im_c004_z005_t000_p003.png,11f06378783643dc93d47955e56182fc0ebecc635aa81304ad1bf0800dc97c0e,19980.48828125,20504.90428125,39338.15234375,39862.56834375,1678.75673,1678.75673,2048,2048
97,0,1,3,6,raw_frames/ISP-2019-05-28-14-30-00-0002/im_c004_z006_t000_p003.png,fbd079f87c7544eb734ef9c4408057ea1459c18e4d88eab27d1e3c415d8d0f5a,19980.48828125,20504.90428125,39338.15234375,39862.56834375,1679.75673,1679.75673,2048,2048
98,0,1,3,7,raw_frames/ISP-2019-05-28-14-30-00-0002/im_c004_z007_t000_p003.png,55a846ffc0405ac2df3971b151e817d8048e95bb20ff93065c7fe20dc21da4dd,19980.48828125,20504.90428125,39338.15234375,39862.56834375,1680.75673,1680.75673,2048,2048
99,0,1,3,8,raw_frames/ISP-2019-05-28-14-30-00-0002/im_c004_z008_t000_p003.png,00886597d7da5416100a9567bafa89f02e75f239cf08cdba6d14fd7b889a86e1,19980.48828125,20504.90428125,39338.15234375,39862.56834375,1681.75673,1681.75673,2048,2048
100,0,1,3,9,raw_frames/ISP-2019-05-28-14-30-00-0002/im_c004_z009_t000_p003.png,db8b7adabd46e1a4e140ede9c02c22ea01df0a47da115e64a431394a71b52db0,19980.48828125,20504.90428125,39338.15234375,39862.56834375,1682.75673,1682.75673,2048,2048
101,0,1,3,10,raw_frames/ISP-2019-05-28-14-30-00-0002/im_c004_z010_t000_p003.png,a9dbd2cd572236d9af8b412853b77ec78fbe3830b091b21f8704191615050e72,19980.48828125,20504.90428125,39338.15234375,39862.56834375,1683.75673,1683.75673,2048,2048
102,0,1,3,11,raw_frames/ISP-2019-05-28-14-30-00-0002/im_c004_z011_t000_p003.png,b1293be40b9b6f3856c737eb38f9e1547cf33eff3e718d63851eb8995dfb61ae,19980.48828125,20504.90428125,39338.15234375,39862.56834375,1684.75673,1684.75673,2048,2048
103,0,1,3,12,raw_frames/ISP-2019-05-28-14-30-00-0002/im_c004_z012_t000_p003.png,440be83b58ed67021a8198c7c6cc2c1767ca37cf75d7f3c6838aa63e74cd710a,19980.48828125,20504.90428125,39338.15234375,39862.56834375,1685.75673,1685.75673,2048,2048
104,0,2,0,0,raw_frames/ISP-2019-05-28-14-30-00-0003/im_c001_z002_t000_p003.png,8eef97c1ab1c1050c609484e90d3130f317b64dd482275090305984bce5880ff,19980.48828125,20504.90428125,39338.15234375,39862.56834375,1672.473015,1672.473015,2048,2048
105,0,2,0,1,raw_frames/ISP-2019-05-28-14-30-00-0003/im_c001_z003_t000_p003.png,79ca67b6374b227ba0b7f3d9a4b6fb34378ed348537fb3ceece6d83c9c446ce8,19980.48828125,20504.90428125,39338.15234375,39862.56834375,1673.473015,1673.473015,2048,2048
106,0,2,0,2,raw_frames/ISP-2019-05-28-14-30-00-0003/im_c001_z004_t000_p003.png,5481c295c9b08a95959996f994b87f56f3f3866d50f6778535a9b70789031d17,19980.48828125,20504.90428125,39338.15234375,39862.56834375,1674.473015,1674.473015,2048,2048
107,0,2,0,3,raw_frames/ISP-2019-05-28-14-30-00-0003/im_c001_z005_t000_p003.png,fa51d7e7cc9dafe3b989f49ca0b2d9ed4c00a8e1c25a19f03e14e15abd4f1bd0,19980.48828125,20504.90428125,39338.15234375,39862.56834375,1675.473015,1675.473015,2048,2048
108,0,2,0,4,raw_frames/ISP-2019-05-28-14-30-00-0003/im_c001_z006_t000_p003.png,6377d1cd4ed74fd19584590d3458d79ecc25cc5b8e43dec388e4d9bb3b10f115,19980.48828125,20504.90428125,39338.15234375,39862.56834375,1676.473015,1676.473015,2048,2048
109,0,2,0,5,raw_frames/ISP-2019-05-28-14-30-00-0003/im_c001_z007_t000_p003.png,de8def4e11849afefd59182d2ca72c19072ba3ab7ac7f4653e6922fe7ec1ff47,19980.48828125,20504.90428125,39338.15234375,39862.56834375,1677.473015,1677.473015,2048,2048
110,0,2,0,6,raw_frames/ISP-2019-05-28-14-30-00-0003/im_c001_z008_t000_p003.png,ac84c1466496f093f115b96e8c57db5cd46f7517d5375ad4ed32baee4dafaec0,19980.48828125,20504.90428125,39338.15234375,39862.56834375,1678.473015,1678.473015,2048,2048
111,0,2,0,7,raw_frames/ISP-2019-05-28-14-30-00-0003/im_c001_z009_t000_p003.png,73d40c28a811ee8e7733f40faf4144ae6a66094ddbe00f4298ef419f13f79af9,19980.48828125,20504.90428125,39338.15234375,39862.56834375,1679.473015,1679.473015,2048,2048
112,0,2,0,8,raw_frames/ISP-2019-05-28-14-30-00-0003/im_c001_z010_t000_p003.png,ac94918312068962de3c4baab4081aa1a0e7b66e3d5befa70d52440f7fabf277,19980.48828125,20504.90428125,39338.15234375,39862.56834375,1680.473015,1680.473015,2048,2048
113,0,2,0,9,raw_frames/ISP-2019-05-28-14-30-00-0003/im_c001_z011_t000_p003.png,54d138d2e88592f4d42f3a76096d6ed4e020d22f946055f9300b68d29d417bb5,19980.48828125,20504.90428125,39338.15234375,39862.56834375,1681.473015,1681.473015,2048,2048
114,0,2,0,10,raw_frames/ISP-2019-05-28-14-30-00-0003/im_c001_z012_t000_p003.png,4a4bfd50752d32bd639a0eb6b1a33471f99979b6299d682919d0b172f991f4b8,19980.48828125,20504.90428125,39338.15234375,39862.56834375,1682.473015,1682.473015,2048,2048
115,0,2,0,11,raw_frames/ISP-2019-05-28-14-30-00-0003/im_c001_z013_t000_p003.png,42dec135856d8e9848826b686a3a2dfbc75fedb7b68005c730f03d2b1e6b823b,19980.48828125,20504.90428125,39338.15234375,39862.56834375,1683.473015,1683.473015,2048,2048
116,0,2,0,12,raw_frames/ISP-2019-05-28-14-30-00-0003/im_c001_z014_t000_p003.png,a21d6bbefa47c7ec93d635f7389eb4a13772ab6db355148209f75e1aa131dab8,19980.48828125,20504.90428125,39338.15234375,39862.56834375,1684.473015,1684.473015,2048,2048
117,0,2,1,0,raw_frames/ISP-2019-05-28-14-30-00-0003/im_c002_z002_t000_p003.png,4a7d68b295637760b2611b5dc3839e46728a45f212a32d4422775c09b373d468,19980.48828125,20504.90428125,39338.15234375,39862.56834375,1672.473015,1672.473015,2048,2048
118,0,2,1,1,raw_frames/ISP-2019-05-28-14-30-00-0003/im_c002_z003_t000_p003.png,2add9e6b8d926dcab83d8c02c37f9c9e6a7e42ccfbfadaef9deb56d21cdc6bf6,19980.48828125,20504.90428125,39338.15234375,39862.56834375,1673.473015,1673.473015,2048,2048
119,0,2,1,2,raw_frames/ISP-2019-05-28-14-30-00-0003/im_c002_z004_t000_p003.png,71997cefc3dedfd7c8fefca9de9364a8572face71dc26d4cf83459a0e83f6a17,19980.48828125,20504.90428125,39338.15234375,39862.56834375,1674.473015,1674.473015,2048,2048
120,0,2,1,3,raw_frames/ISP-2019-05-28-14-30-00-0003/im_c002_z005_t000_p003.png,d197daee650e9dddbf0d7c8d6c9f66202164fe6c8e74734c85bbd900548da599,19980.48828125,20504.90428125,39338.15234375,39862.56834375,1675.473015,1675.473015,2048,2048
121,0,2,1,4,raw_frames/ISP-2019-05-28-14-30-00-0003/im_c002_z006_t000_p003.png,c06a40c00a2457e5b49793d61b73d227053f8c8e94236be91556d5bed0bd5e3a,19980.48828125,20504.90428125,39338.15234375,39862.56834375,1676.473015,1676.473015,2048,2048
122,0,2,1,5,raw_frames/ISP-2019-05-28-14-30-00-0003/im_c002_z007_t000_p003.png,f2cf3192b0d7eba609e09612d1f2c56574c5f71a609e491987f52bd7f7a1bdab,19980.48828125,20504.90428125,39338.15234375,39862.56834375,1677.473015,1677.473015,2048,2048
123,0,2,1,6,raw_frames/ISP-2019-05-28-14-30-00-0003/im_c002_z008_t000_p003.png,aac2a04ad942e31e64343797b88d90cdc7be175ddda29f67df4490ff9d654103,19980.48828125,20504.90428125,39338.15234375,39862.56834375,1678.473015,1678.473015,2048,2048
124,0,2,1,7,raw_frames/ISP-2019-05-28-14-30-00-0003/im_c002_z009_t000_p003.png,7c3f4f5dfccdcc86258e1871d24e03eefd93394277d32bc78d1d0a0705626f48,19980.48828125,20504.90428125,39338.15234375,39862.56834375,1679.473015,1679.473015,2048,2048
125,0,2,1,8,raw_frames/ISP-2019-05-28-14-30-00-0003/im_c002_z010_t000_p003.png,82ce4082990fb5efb0046a11850d20636fd114cdb7d2b46b814b400e43b208d0,19980.48828125,20504.90428125,39338.15234375,39862.56834375,1680.473015,1680.473015,2048,2048
126,0,2,1,9,raw_frames/ISP-2019-05-28-14-30-00-0003/im_c002_z011_t000_p003.png,076da5c37dab819bd2325733f825d4d93b81021e6932f6dfc65575ba1331f6e8,19980.48828125,20504.90428125,39338.15234375,39862.56834375,1681.473015,1681.473015,2048,2048
127,0,2,1,10,raw_frames/ISP-2019-05-28-14-30-00-0003/im_c002_z012_t000_p003.png,46f35ce9e220bf6e00456f9413f23466f622c4d8df96ed63bbbcdd0c4b44b041,19980.48828125,20504.90428125,39338.15234375,39862.56834375,1682.473015,1682.473015,2048,2048
128,0,2,1,11,raw_frames/ISP-2019-05-28-14-30-00-0003/im_c002_z013_t000_p003.png,c7813a513bf3992323fe4e58752a5ba1abe3a8b4fd0e5317561db298676f14c2,19980.48828125,20504.90428125,39338.15234375,39862.56834375,1683.473015,1683.473015,2048,2048
129,0,2,1,12,raw_frames/ISP-2019-05-28-14-30-00-0003/im_c002_z014_t000_p003.png,1dee4cbcfa89ac54632f2b26887fd353e9829cfe90d2050ae35281bb696ff990,19980.48828125,20504.90428125,39338.15234375,39862.56834375,1684.473015,1684.473015,2048,2048
130,0,2,2,0,raw_frames/ISP-2019-05-28-14-30-00-0003/im_c003_z002_t000_p003.png,0be22ad117cef3345dd6621c6a4eeab56ba4e015dcdcb1e6a824ec8d839cf303,19980.48828125,20504.90428125,39338.15234375,39862.56834375,1672.473015,1672.473015,2048,2048
131,0,2,2,1,raw_frames/ISP-2019-05-28-14-30-00-0003/im_c003_z003_t000_p003.png,172994f00a4a6102dd0943e4c8df33449743b1e42cc7e2459ef164434f09fac0,19980.48828125,20504.90428125,39338.15234375,39862.56834375,1673.473015,1673.473015,2048,2048
132,0,2,2,2,raw_frames/ISP-2019-05-28-14-30-00-0003/im_c003_z004_t000_p003.png,c31918b8ab92f6a4810d53cab8813515b272d9e9301fce12133c0c2e3d7732df,19980.48828125,20504.90428125,39338.15234375,39862.56834375,1674.473015,1674.473015,2048,2048
133,0,2,2,3,raw_frames/ISP-2019-05-28-14-30-00-0003/im_c003_z005_t000_p003.png,7ca5eb922ce70ead16ec80b84e24049632b4ab5a51a25b11ef62d1430f9ed0be,19980.48828125,20504.90428125,39338.15234375,39862.56834375,1675.473015,1675.473015,2048,2048
134,0,2,2,4,raw_frames/ISP-2019-05-28-14-30-00-0003/im_c003_z006_t000_p003.png,58407251cb1234cb185f4ffb35a30037abf2aff23c16758d0afc1aea363a29be,19980.48828125,20504.90428125,39338.15234375,39862.56834375,1676.473015,1676.473015,2048,2048
135,0,2,2,5,raw_frames/ISP-2019-05-28-14-30-00-0003/im_c003_z007_t000_p003.png,d00cce426f92effaac4c242b87b714cd666b1134987a1f9de7d580c0e06d6da8,19980.48828125,20504.90428125,39338.15234375,39862.56834375,1677.473015,1677.473015,2048,2048
136,0,2,2,6,raw_frames/ISP-2019-05-28-14-30-00-0003/im_c003_z008_t000_p003.png,763d8b57caf71287b98230b8b386d843b07218fb1f118d13478e7f47b50780ea,19980.48828125,20504.90428125,39338.15234375,39862.56834375,1678.473015,1678.473015,2048,2048
137,0,2,2,7,raw_frames/ISP-2019-05-28-14-30-00-0003/im_c003_z009_t000_p003.png,c6e827525176e08ed2e0ea1fc1729627728ba60eb64f43ab305b627de0b867f3,19980.48828125,20504.90428125,39338.15234375,39862.56834375,1679.473015,1679.473015,2048,2048
138,0,2,2,8,raw_frames/ISP-2019-05-28-14-30-00-0003/im_c003_z010_t000_p003.png,22fd9bdae23d5f9a2c63b373ad0ee208412997dcff8ac0da13403964198354bb,19980.48828125,20504.90428125,39338.15234375,39862.56834375,1680.473015,1680.473015,2048,2048
139,0,2,2,9,raw_frames/ISP-2019-05-28-14-30-00-0003/im_c003_z011_t000_p003.png,e8d09607419c5ec52465321ccf54e219c888282f61f87a87990acdea022475e1,19980.48828125,20504.90428125,39338.15234375,39862.56834375,1681.473015,1681.473015,2048,2048
140,0,2,2,10,raw_frames/ISP-2019-05-28-14-30-00-0003/im_c003_z012_t000_p003.png,2003426156b60cc91a81f4bc17ac7799ffc8d9af7a6621249256b9e095b1aeea,19980.48828125,20504.90428125,39338.15234375,39862.56834375,1682.473015,1682.473015,2048,2048
141,0,2,2,11,raw_frames/ISP-2019-05-28-14-30-00-0003/im_c003_z013_t000_p003.png,5dbd059e12a616d472ace0d3b88e9711436eaea1c9f1026e9d5885d01bdaaeab,19980.48828125,20504.90428125,39338.15234375,39862.56834375,1683.473015,1683.473015,2048,2048
142,0,2,2,12,raw_frames/ISP-2019-05-28-14-30-00-0003/im_c003_z014_t000_p003.png,2ac223bbc13541361ac95ae38e91eb14271832b8144d995665fbe0453aaa0918,19980.48828125,20504.90428125,39338.15234375,39862.56834375,1684.473015,1684.473015,2048,2048
143,0,2,3,0,raw_frames/ISP-2019-05-28-14-30-00-0003/im_c004_z002_t000_p003.png,2d99acb81a392279f012f198cc42f8830f03ed791c159ff6d6fbf0d9f161fcf4,19980.48828125,20504.90428125,39338.15234375,39862.56834375,1672.473015,1672.473015,2048,2048
144,0,2,3,1,raw_frames/ISP-2019-05-28-14-30-00-0003/im_c004_z003_t000_p003.png,e6e290eb9226955936d9c6ee70ac56a3434acb819f4e5e7134c27379c872b520,19980.48828125,20504.90428125,39338.15234375,39862.56834375,1673.473015,1673.473015,2048,2048
145,0,2,3,2,raw_frames/ISP-2019-05-28-14-30-00-0003/im_c004_z004_t000_p003.png,02538cb22ea53047479b85b582c8a25812d9c8228e8f952574d0afe8514664ce,19980.48828125,20504.90428125,39338.15234375,39862.56834375,1674.473015,1674.473015,2048,2048
146,0,2,3,3,raw_frames/ISP-2019-05-28-14-30-00-0003/im_c004_z005_t000_p003.png,2935be98714399e622cb5fe43d48929b5b92b51711ca70c77e1f07e6ec2c5c22,19980.48828125,20504.90428125,39338.15234375,39862.56834375,1675.473015,1675.473015,2048,2048
147,0,2,3,4,raw_frames/ISP-2019-05-28-14-30-00-0003/im_c004_z006_t000_p003.png,22bc700518dbc51ec0c4095528b273b2d41305b72f04bf60f7c5795233f3830a,19980.48828125,20504.90428125,39338.15234375,39862.56834375,1676.473015,1676.473015,2048,2048
148,0,2,3,5,raw_frames/ISP-2019-05-28-14-30-00-0003/im_c004_z007_t000_p003.png,b5a84bd56df63ac9072c7ce908c0c917d4ae20148085b4a7201b5fe2a944bc29,19980.48828125,20504.90428125,39338.15234375,39862.56834375,1677.473015,1677.473015,2048,2048
149,0,2,3,6,raw_frames/ISP-2019-05-28-14-30-00-0003/im_c004_z008_t000_p003.png,a3c1026f7be49ea0a083bfa0fd17259039c2880b3389012271cea830e3ac786f,19980.48828125,20504.90428125,39338.15234375,39862.56834375,1678.473015,1678.473015,2048,2048
150,0,2,3,7,raw_frames/ISP-2019-05-28-14-30-00-0003/im_c004_z009_t000_p003.png,89aea00e281dd663e10ff46d1a3105c66206abc17a9368a71766dd41829307b3,19980.48828125,20504.90428125,39338.15234375,39862.56834375,1679.473015,1679.473015,2048,2048
151,0,2,3,8,raw_frames/ISP-2019-05-28-14-30-00-0003/im_c004_z010_t000_p003.png,217c70e98ecf46788a00ca65307a077afc0d496f86e731b0f89b122499c4572f,19980.48828125,20504.90428125,39338.15234375,39862.56834375,1680.473015,1680.473015,2048,2048
152,0,2,3,9,raw_frames/ISP-2019-05-28-14-30-00-0003/im_c004_z011_t000_p003.png,00c1dd0a0fd4c547467de27cd06a1a95b5d8c542ee5fd3b04b942864ddc937aa,19980.48828125,20504.90428125,39338.15234375,39862.56834375,1681.473015,1681.473015,2048,2048
153,0,2,3,10,raw_frames/ISP-2019-05-28-14-30-00-0003/im_c004_z012_t000_p003.png,6c5c0b5a4ce1db016489bdc44994fcaf2305dd1da32b848a78d8995c91a8ce4b,19980.48828125,20504.90428125,39338.15234375,39862.56834375,1682.473015,1682.473015,2048,2048
154,0,2,3,11,raw_frames/ISP-2019-05-28-14-30-00-0003/im_c004_z013_t000_p003.png,bb2218c28b944f2dd3ea88eb3349a781b31659c73264b11f5befd13392408c9a,19980.48828125,20504.90428125,39338.15234375,39862.56834375,1683.473015,1683.473015,2048,2048
155,0,2,3,12,raw_frames/ISP-2019-05-28-14-30-00-0003/im_c004_z014_t000_p003.png,c46c8874613b4230549681036036ca80bb28e088a9ab7edfef190a3ecb5a7568,19980.48828125,20504.90428125,39338.15234375,39862.56834375,1684.473015,1684.473015,2048,2048
156,0,3,0,0,raw_frames/ISP-2019-05-28-14-30-00-0004/im_c001_z002_t000_p003.png,f5855542fe7d5345041de17156cd6cec50b3ffb3f1f0ab14e9af370cc0e90f70,19980.48828125,20504.90428125,39338.15234375,39862.56834375,1666.9101050000002,1666.9101050000002,2048,2048
157,0,3,0,1,raw_frames/ISP-2019-05-28-14-30-00-0004/im_c001_z003_t000_p003.png,81bc343b7dc522919dd8af0a605b0526fd479da007f9b3708eca8518cf99eb0f,19980.48828125,20504.90428125,39338.15234375,39862.56834375,1667.9101050000002,1667.9101050000002,2048,2048
158,0,3,0,2,raw_frames/ISP-2019-05-28-14-30-00-0004/im_c001_z004_t000_p003.png,95b7a313f6791290c17c231f1616ac00d493119f088bd8c147d64d9122f8d075,19980.48828125,20504.90428125,39338.15234375,39862.56834375,1668.9101050000002,1668.9101050000002,2048,2048
159,0,3,0,3,raw_frames/ISP-2019-05-28-14-30-00-0004/im_c001_z005_t000_p003.png,dcdac00a95986b235ef60ccf4642c45857acc31fd70cf2ae2314f882ddc8b60e,19980.48828125,20504.90428125,39338.15234375,39862.56834375,1669.9101050000002,1669.9101050000002,2048,2048
160,0,3,0,4,raw_frames/ISP-2019-05-28-14-30-00-0004/im_c001_z006_t000_p003.png,bcf41f39f038ee993edbc6d05f499329362119c5aa6c4b4857a34bc6928dba99,19980.48828125,20504.90428125,39338.15234375,39862.56834375,1670.9101050000002,1670.9101050000002,2048,2048
161,0,3,0,5,raw_frames/ISP-2019-05-28-14-30-00-0004/im_c001_z007_t000_p003.png,92819afb8331623b155683df9f9d2eee6cc008843e82db6290452d566a82563c,19980.48828125,20504.90428125,39338.15234375,39862.56834375,1671.9101050000002,1671.9101050000002,2048,2048
162,0,3,0,6,raw_frames/ISP-2019-05-28-14-30-00-0004/im_c001_z008_t000_p003.png,83389ac4b5d2ac3fb50a9e1e203f149fe259cbf9eb1314510ee3e9318ce8af81,19980.48828125,20504.90428125,39338.15234375,39862.56834375,1672.9101050000002,1672.9101050000002,2048,2048
163,0,3,0,7,raw_frames/ISP-2019-05-28-14-30-00-0004/im_c001_z009_t000_p003.png,09c8d3bd9ab78fbe55d18d15470bcf81f61e1d3a5e05f830f8d334d3fc2fa1c8,19980.48828125,20504.90428125,39338.15234375,39862.56834375,1673.9101050000002,1673.9101050000002,2048,2048
164,0,3,0,8,raw_frames/ISP-2019-05-28-14-30-00-0004/im_c001_z010_t000_p003.png,6a97c17c113533d5063a2750b8412159c9b4b861d86ef2dc714d8daa5502eba4,19980.48828125,20504.90428125,39338.15234375,39862.56834375,1674.9101050000002,1674.9101050000002,2048,2048
165,0,3,0,9,raw_frames/ISP-2019-05-28-14-30-00-0004/im_c001_z011_t000_p003.png,e8373806602a093f38154ba085d0c3eda52dc800bd766671659f5d3db3421e41,19980.48828125,20504.90428125,39338.15234375,39862.56834375,1675.9101050000002,1675.9101050000002,2048,2048
166,0,3,0,10,raw_frames/ISP-2019-05-28-14-30-00-0004/im_c001_z012_t000_p003.png,c9d71d22d16ca254115a861af816afa366e7686b0fca826f45816d058d7339e7,19980.48828125,20504.90428125,39338.15234375,39862.56834375,1676.9101050000002,1676.9101050000002,2048,2048
167,0,3,0,11,raw_frames/ISP-2019-05-28-14-30-00-0004/im_c001_z013_t000_p003.png,215deebfaba3f3e75ef5b0e6c2314175e9948825d8b18aea7fd2c70f9316c91b,19980.48828125,20504.90428125,39338.15234375,39862.56834375,1677.9101050000002,1677.9101050000002,2048,2048
168,0,3,0,12,raw_frames/ISP-2019-05-28-14-30-00-0004/im_c001_z014_t000_p003.png,73f9d067c91ae11c6433aa52ebd8f5af4cded38772de848bf6b7ecbb76bf84c6,19980.48828125,20504.90428125,39338.15234375,39862.56834375,1678.9101050000002,1678.9101050000002,2048,2048
169,0,3,1,0,raw_frames/ISP-2019-05-28-14-30-00-0004/im_c002_z002_t000_p003.png,128a8a31e71a1fb4d676cd86da91448170000afccfb8e0faa73ec4d61c79223d,19980.48828125,20504.90428125,39338.15234375,39862.56834375,1666.9101050000002,1666.9101050000002,2048,2048
170,0,3,1,1,raw_frames/ISP-2019-05-28-14-30-00-0004/im_c002_z003_t000_p003.png,17418c38ff476d090e9434cd037251e0604b2aa95aad8744f007a415fd5c2c64,19980.48828125,20504.90428125,39338.15234375,39862.56834375,1667.9101050000002,1667.9101050000002,2048,2048
171,0,3,1,2,raw_frames/ISP-2019-05-28-14-30-00-0004/im_c002_z004_t000_p003.png,3b12f7b8f2b6fbd35d60aa690cc4b1c98743ac650c98844b7cfa09b1a9f44010,19980.48828125,20504.90428125,39338.15234375,39862.56834375,1668.9101050000002,1668.9101050000002,2048,2048
172,0,3,1,3,raw_frames/ISP-2019-05-28-14-30-00-0004/im_c002_z005_t000_p003.png,08ec6b3740fad63f454f6e3befaad20603e0e390fefb18d293182fd49d220caa,19980.48828125,20504.90428125,39338.15234375,39862.56834375,1669.9101050000002,1669.9101050000002,2048,2048
173,0,3,1,4,raw_frames/ISP-2019-05-28-14-30-00-0004/im_c002_z006_t000_p003.png,ba6e0630bf971bd881d2bf89bc316940170bb9891d72bd7f90e40b527ffd9885,19980.48828125,20504.90428125,39338.15234375,39862.56834375,1670.9101050000002,1670.9101050000002,2048,2048
174,0,3,1,5,raw_frames/ISP-2019-05-28-14-30-00-0004/im_c002_z007_t000_p003.png,c902b0419bc22aa8d48d68673d844376b2b2c6538bf0761850266f7c64d59fd9,19980.48828125,20504.90428125,39338.15234375,39862.56834375,1671.9101050000002,1671.9101050000002,2048,2048
175,0,3,1,6,raw_frames/ISP-2019-05-28-14-30-00-0004/im_c002_z008_t000_p003.png,adc9c5f6b885786c9a94617887f53a6bb39d8e8859eef73967cbb342c89bb075,19980.48828125,20504.90428125,39338.15234375,39862.56834375,1672.9101050000002,1672.9101050000002,2048,2048
176,0,3,1,7,raw_frames/ISP-2019-05-28-14-30-00-0004/im_c002_z009_t000_p003.png,3e4b059bf087c4fb3c9fd5532bc3bf1b6fdb99dbddd360e2f2695f2f39f0896e,19980.48828125,20504.90428125,39338.15234375,39862.56834375,1673.9101050000002,1673.9101050000002,2048,2048
177,0,3,1,8,raw_frames/ISP-2019-05-28-14-30-00-0004/im_c002_z010_t000_p003.png,457263261170df66cd95720e447bd981d94bf06503148c8ca549a476a50f1d09,19980.48828125,20504.90428125,39338.15234375,39862.56834375,1674.9101050000002,1674.9101050000002,2048,2048
178,0,3,1,9,raw_frames/ISP-2019-05-28-14-30-00-0004/im_c002_z011_t000_p003.png,c92cd81119cdd50be8315a95b0642dbce200e12de6cc383cd3cdaea0f8cfe87a,19980.48828125,20504.90428125,39338.15234375,39862.56834375,1675.9101050000002,1675.9101050000002,2048,2048
179,0,3,1,10,raw_frames/ISP-2019-05-28-14-30-00-0004/im_c002_z012_t000_p003.png,74e2bbecf925e9e03afd96cf78a157e6872342c5f321aca98edf45a037cf0ba7,19980.48828125,20504.90428125,39338.15234375,39862.56834375,1676.9101050000002,1676.9101050000002,2048,2048
180,0,3,1,11,raw_frames/ISP-2019-05-28-14-30-00-0004/im_c002_z013_t000_p003.png,d6b434901f4fcf805e354f1ddb4f6f8d294cfa42fa72f01db5816e604febc13c,19980.48828125,20504.90428125,39338.15234375,39862.56834375,1677.9101050000002,1677.9101050000002,2048,2048
181,0,3,1,12,raw_frames/ISP-2019-05-28-14-30-00-0004/im_c002_z014_t000_p003.png,d8dbe1dc13bdfd9e2e4e9dd2d04ec39ab1a6a103b118b4e5fc52115fe08b2b4c,19980.48828125,20504.90428125,39338.15234375,39862.56834375,1678.9101050000002,1678.9101050000002,2048,2048
182,0,3,2,0,raw_frames/ISP-2019-05-28-14-30-00-0004/im_c003_z002_t000_p003.png,fb783882575961b2ccbb6d711b3cbfe4a5ea7d6f99a0df4e4377740b0abb3b5f,19980.48828125,20504.90428125,39338.15234375,39862.56834375,1666.9101050000002,1666.9101050000002,2048,2048
183,0,3,2,1,raw_frames/ISP-2019-05-28-14-30-00-0004/im_c003_z003_t000_p003.png,b6682d79032023a481a3bb80f8173c8d747a44e65e71d6012ac238d72070ddd3,19980.48828125,20504.90428125,39338.15234375,39862.56834375,1667.9101050000002,1667.9101050000002,2048,2048
184,0,3,2,2,raw_frames/ISP-2019-05-28-14-30-00-0004/im_c003_z004_t000_p003.png,bbb2fe75959c0968496ec194a2b2ac711f6e42c82d032cf37fe2e63d622afc62,19980.48828125,20504.90428125,39338.15234375,39862.56834375,1668.9101050000002,1668.9101050000002,2048,2048
185,0,3,2,3,raw_frames/ISP-2019-05-28-14-30-00-0004/im_c003_z005_t000_p003.png,6868956863616faa73cb8c15fdf262bee85d8e05652944146a4a2dd3a76cb0ee,19980.48828125,20504.90428125,39338.15234375,39862.56834375,1669.9101050000002,1669.9101050000002,2048,2048
186,0,3,2,4,raw_frames/ISP-2019-05-28-14-30-00-0004/im_c003_z006_t000_p003.png,29b098554629d9735115348978df31b699597bccbf7ebcf1edec27a35cb7744b,19980.48828125,20504.90428125,39338.15234375,39862.56834375,1670.9101050000002,1670.9101050000002,2048,2048
187,0,3,2,5,raw_frames/ISP-2019-05-28-14-30-00-0004/im_c003_z007_t000_p003.png,52623ff3f004bdb1ac71afcc83f251244dfc971a27d6d31834119ac86c90e201,19980.48828125,20504.90428125,39338.15234375,39862.56834375,1671.9101050000002,1671.9101050000002,2048,2048
188,0,3,2,6,raw_frames/ISP-2019-05-28-14-30-00-0004/im_c003_z008_t000_p003.png,f53dd4a9d4a3146e3d649bd94d0b8c44db4b3fa14f542041cf01d41bb5dbe9bb,19980.48828125,20504.90428125,39338.15234375,39862.56834375,1672.9101050000002,1672.9101050000002,2048,2048
189,0,3,2,7,raw_frames/ISP-2019-05-28-14-30-00-0004/im_c003_z009_t000_p003.png,82c83ec3b06808f35ee90e612603b3ba9d381e7a4c6e6daa28403b7dbadd2c8c,19980.48828125,20504.90428125,39338.15234375,39862.56834375,1673.9101050000002,1673.9101050000002,2048,2048
190,0,3,2,8,raw_frames/ISP-2019-05-28-14-30-00-0004/im_c003_z010_t000_p003.png,ea2bfa9dfe1276c4adf36d69b5a51aa489c23c93a86bba54a73512c20a928676,19980.48828125,20504.90428125,39338.15234375,39862.56834375,1674.9101050000002,1674.9101050000002,2048,2048
191,0,3,2,9,raw_frames/ISP-2019-05-28-14-30-00-0004/im_c003_z011_t000_p003.png,64e9289d811d95670029b7a7dfb61b961a034dff4709a94b187514001c32b333,19980.48828125,20504.90428125,39338.15234375,39862.56834375,1675.9101050000002,1675.9101050000002,2048,2048
192,0,3,2,10,raw_frames/ISP-2019-05-28-14-30-00-0004/im_c003_z012_t000_p003.png,b4dc401c360f9b7a5177d18361cfd31551887c83c61f1921c37933882b763590,19980.48828125,20504.90428125,39338.15234375,39862.56834375,1676.9101050000002,1676.9101050000002,2048,2048
193,0,3,2,11,raw_frames/ISP-2019-05-28-14-30-00-0004/im_c003_z013_t000_p003.png,cfc5a2bd10a7f25cb39ee9956be24c26ec46d2970dba5fabe7c401701f551ece,19980.48828125,20504.90428125,39338.15234375,39862.56834375,1677.9101050000002,1677.9101050000002,2048,2048
194,0,3,2,12,raw_frames/ISP-2019-05-28-14-30-00-0004/im_c003_z014_t000_p003.png,3f32d0602e8c8da99aedb5d38da2cfa6ab3b256f3239e3cc5cafb149b4103f23,19980.48828125,20504.90428125,39338.15234375,39862.56834375,1678.9101050000002,1678.9101050000002,2048,2048
195,0,3,3,0,raw_frames/ISP-2019-05-28-14-30-00-0004/im_c004_z002_t000_p003.png,8fe8ba8a6a506f40fa19ead940cc101d1dd836e74f30f478fd21ab03adc09ce4,19980.48828125,20504.90428125,39338.15234375,39862.56834375,1666.9101050000002,1666.9101050000002,2048,2048
196,0,3,3,1,raw_frames/ISP-2019-05-28-14-30-00-0004/im_c004_z003_t000_p003.png,bcc23ae00ca6620e368021e2c5adc0e30237df5052c2ef69e88939856f9be33a,19980.48828125,20504.90428125,39338.15234375,39862.56834375,1667.9101050000002,1667.9101050000002,2048,2048
197,0,3,3,2,raw_frames/ISP-2019-05-28-14-30-00-0004/im_c004_z004_t000_p003.png,32a1186a6fc217c77c0a02d6f68973727ed5b69a98a7a55cce0d44d2099a95a7,19980.48828125,20504.90428125,39338.15234375,39862.56834375,1668.9101050000002,1668.9101050000002,2048,2048
198,0,3,3,3,raw_frames/ISP-2019-05-28-14-30-00-0004/im_c004_z005_t000_p003.png,46b842275dce8c07e95000c4a84e232405e187d671b9a2f58577e15cf2fdac22,19980.48828125,20504.90428125,39338.15234375,39862.56834375,1669.9101050000002,1669.9101050000002,2048,2048
199,0,3,3,4,raw_frames/ISP-2019-05-28-14-30-00-0004/im_c004_z006_t000_p003.png,63fd39741914d7cb9fcb558415c2f88281c5a176ba97403bc4380ac59b435cf0,19980.48828125,20504.90428125,39338.15234375,39862.56834375,1670.9101050000002,1670.9101050000002,2048,2048
200,0,3,3,5,raw_frames/ISP-2019-05-28-14-30-00-0004/im_c004_z007_t000_p003.png,ba37c7a25882e4f3f435e501ff8ae4153a571f5d337cfd96ee9188a32e85d3e4,19980.48828125,20504.90428125,39338.15234375,39862.56834375,1671.9101050000002,1671.9101050000002,2048,2048
201,0,3,3,6,raw_frames/ISP-2019-05-28-14-30-00-0004/im_c004_z008_t000_p003.png,61cc1709132572f0499e272285ac309972abe560557887fd42e8b95d77738c01,19980.48828125,20504.90428125,39338.15234375,39862.56834375,1672.9101050000002,1672.9101050000002,2048,2048
202,0,3,3,7,raw_frames/ISP-2019-05-28-14-30-00-0004/im_c004_z009_t000_p003.png,515504bb1bc37bc80d13ed3d79a13121a23819d5b569f89cd20f68941a113cb4,19980.48828125,20504.90428125,39338.15234375,39862.56834375,1673.9101050000002,1673.9101050000002,2048,2048
203,0,3,3,8,raw_frames/ISP-2019-05-28-14-30-00-0004/im_c004_z010_t000_p003.png,a714e4777e0632fb6de5b23bbc00873a7afe3a5fc4456f4e80b3d797fd859da3,19980.48828125,20504.90428125,39338.15234375,39862.56834375,1674.9101050000002,1674.9101050000002,2048,2048
204,0,3,3,9,raw_frames/ISP-2019-05-28-14-30-00-0004/im_c004_z011_t000_p003.png,82f16e83560daea172567537e65ac58366ec54d0678e7f2045513da8248eae85,19980.48828125,20504.90428125,39338.15234375,39862.56834375,1675.9101050000002,1675.9101050000002,2048,2048
205,0,3,3,10,raw_frames/ISP-2019-05-28-14-30-00-0004/im_c004_z012_t000_p003.png,ceebbe8e2773b1326fb81285a6aaf47609e5fd5647167845329664bcbfaa144b,19980.48828125,20504.90428125,39338.15234375,39862.56834375,1676.9101050000002,1676.9101050000002,2048,2048
206,0,3,3,11,raw_frames/ISP-2019-05-28-14-30-00-0004/im_c004_z013_t000_p003.png,c0f7ef3171bdf0a52879ac2682617f24f309a40305e5d361f5f30fddf5606b04,19980.48828125,20504.90428125,39338.15234375,39862.56834375,1677.9101050000002,1677.9101050000002,2048,2048
207,0,3,3,12,raw_frames/ISP-2019-05-28-14-30-00-0004/im_c004_z014_t000_p003.png,de836cae7d24df411a1307401e36da2c0c4acea70e014ed6aff65414d2f46815,19980.48828125,20504.90428125,39338.15234375,39862.56834375,1678.9101050000002,1678.9101050000002,2048,2048
